Workbook

Sheet Daftar Rekap Barang
B2: LAPORAN STOK BARANG LAB RPL
B3: SMK MUHAMMADIYAH MAJENANG
B5: Periode :
B7: Kode Barang | C7: Nama Barang | D7: Stok Awal | E7: Barang Masuk | F7: Barang Keluar | G7: Stok Akhir | I7: KETERANGAN
B8: RPL-001 | C8: Monitor | D8: 65 | E8: =SUMIF('BARANG MASUK'!$D$8:$D$29,'Daftar Rekap Barang'!C8,'BARANG MASUK'!$E$8:$E$44) -> 12 | F8: =sumif('BARANG KELUAR'!$D$8:$D$29,C8,'BARANG KELUAR'!$E$8:$E$49) -> 12 | G8: =D8+E8-F8 -> 65 | I8: Flashdisk 5 yang di pake
B9: RPL-002 | C9: CPU | D9: 65 | E9: =SUMIF('BARANG MASUK'!$D$8:$D$29,'Daftar Rekap Barang'!C9,'BARANG MASUK'!$E$8:$E$44) -> 12 | F9: =sumif('BARANG KELUAR'!$D$8:$D$29,C9,'BARANG KELUAR'!$E$8:$E$49) -> 12 | G9: =D9+E9-F9 -> 65
B10: RPL-003 | C10: MOUSE | D10: 65 | E10: =SUMIF('BARANG MASUK'!$D$8:$D$29,'Daftar Rekap Barang'!C10,'BARANG MASUK'!$E$8:$E$44) -> 12 | F10: =sumif('BARANG KELUAR'!$D$8:$D$29,C10,'BARANG KELUAR'!$E$8:$E$49) -> 9 | G10: =D10+E10-F10 -> 68
B11: RPL-004 | C11: KEYBOARD | D11: 65 | E11: =SUMIF('BARANG MASUK'!$D$8:$D$29,'Daftar Rekap Barang'!C11,'BARANG MASUK'!$E$8:$E$44) -> 12 | F11: =sumif('BARANG KELUAR'!$D$8:$D$29,C11,'BARANG KELUAR'!$E$8:$E$49) -> 7 | G11: =D11+E11-F11 -> 70
B12: RPL-005 | C12: CIMOS | D12: 2 | E12: =SUMIF('BARANG MASUK'!$D$8:$D$29,'Daftar Rekap Barang'!C12,'BARANG MASUK'!$E$8:$E$44) -> 2 | F12: =sumif('BARANG KELUAR'!$D$8:$D$29,C12,'BARANG KELUAR'!$E$8:$E$49) -> 2 | G12: =D12+E12-F12 -> 2
B13: RPL-006 | C13: POWER SUPLAY | D13: 4 | E13: =SUMIF('BARANG MASUK'!$D$8:$D$29,'Daftar Rekap Barang'!C13,'BARANG MASUK'!$E$8:$E$44) -> 5 | F13: =sumif('BARANG KELUAR'!$D$8:$D$29,C13,'BARANG KELUAR'!$E$8:$E$49) -> 4 | G13: =D13+E13-F13 -> 5
B14: RPL-007 | C14: SSD | D14: 4 | E14: =SUMIF('BARANG MASUK'!$D$8:$D$29,'Daftar Rekap Barang'!C14,'BARANG MASUK'!$E$8:$E$44) -> 7 | F14: =sumif('BARANG KELUAR'!$D$8:$D$29,C14,'BARANG KELUAR'!$E$8:$E$49) -> 0 | G14: =D14+E14-F14 -> 11
B15: RPL-008 | C15: HDD | D15: 2 | E15: =SUMIF('BARANG MASUK'!$D$8:$D$29,'Daftar Rekap Barang'!C15,'BARANG MASUK'!$E$8:$E$44) -> 0 | F15: =sumif('BARANG KELUAR'!$D$8:$D$29,C15,'BARANG KELUAR'!$E$8:$E$49) -> 0 | G15: =D15+E15-F15 -> 2
B16: RPL-009 | C16: FLASHDISK | D16: 1 | E16: =SUMIF('BARANG MASUK'!$D$8:$D$29,'Daftar Rekap Barang'!C16,'BARANG MASUK'!$E$8:$E$44) -> 0 | F16: =sumif('BARANG KELUAR'!$D$8:$D$29,C16,'BARANG KELUAR'!$E$8:$E$49) -> 0 | G16: =D16+E16-F16 -> 1
B17: RPL-010 | C17: RAM | D17: 11 | E17: =SUMIF('BARANG MASUK'!$D$8:$D$29,'Daftar Rekap Barang'!C17,'BARANG MASUK'!$E$8:$E$44) -> 17 | F17: =sumif('BARANG KELUAR'!$D$8:$D$29,C17,'BARANG KELUAR'!$E$8:$E$49) -> 0 | G17: =D17+E17-F17 -> 28
B18: RPL-011 | C18: KABEL VGA | D18: 0 | E18: =SUMIF('BARANG MASUK'!$D$8:$D$29,'Daftar Rekap Barang'!C18,'BARANG MASUK'!$E$8:$E$44) -> 10 | F18: =sumif('BARANG KELUAR'!$D$8:$D$29,C18,'BARANG KELUAR'!$E$8:$E$49) -> 4 | G18: =D18+E18-F18 -> 6
B19: RPL-012 | C19: KABEL POWER PRINTER | D19: 0 | E19: =SUMIF('BARANG MASUK'!$D$8:$D$29,'Daftar Rekap Barang'!C19,'BARANG MASUK'!$E$8:$E$44) -> 2 | F19: =sumif('BARANG KELUAR'!$D$8:$D$29,C19,'BARANG KELUAR'!$E$8:$E$49) -> 1 | G19: =D19+E19-F19 -> 1
B20: RPL-013 | C20: RJ45 | D20: 4 | E20: =SUMIF('BARANG MASUK'!$D$8:$D$29,'Daftar Rekap Barang'!C20,'BARANG MASUK'!$E$8:$E$44) -> 10 | F20: =sumif('BARANG KELUAR'!$D$8:$D$29,C20,'BARANG KELUAR'!$E$8:$E$49) -> 1 | G20: =D20+E20-F20 -> 13
... B31: RPL-024 | C31: ROUTER | D31: 2 | E31: =SUMIF('BARANG MASUK'!$D$8:$D$29,'Daftar Rekap Barang'!C31,'BARANG MASUK'!$E$8:$E$44) -> 0 | F31: =sumif('BARANG KELUAR'!$D$8:$D$29,C31,'BARANG KELUAR'!$E$8:$E$49) -> 1 | G31: =D31+E31-F31 -> 1

Sheet MAINTENANCE AND REPAIR
B2: LAPORAN STOK BARANG MASUK LAB RPL
B3: SMK MUHAMMADIYAH MAJENANG
B5: Periode :
B6: NO | C6: NAMA PC | D6: LOKASI | E6: PERAWATAN | F6: PERBAIKIAN | G6: TANGGAL | H6: TTD
B7: 1 | C7: PC31 | D7: LAB1 | E7: INSTAL ULANG | G7: 46299
B8: 2 | C8: CADANGAN | D8: LAB1 | E8: INSTAL ULANG | F8: PSU | G8: 46122
B9: 3
B10: 4
B11: 5
B12: 6
B13: 7
B14: 8
B15: 9
B16: 10
B17: 11
B18: 12
B19: 13
B20: 14
... B40: 34

Sheet BARANG MASUK
B2: LAPORAN STOK BARANG MASUK LAB RPL
B3: SMK MUHAMMADIYAH MAJENANG
B5: Periode :
B7: Tanggal | C7: Kode Barang | D7: Nama Barang | E7: Jumlah Barang Masuk | F7: spesifikasi
B8: 13/08/2025 | C8: RPL-001 | D8: =IFERROR(VLOOKUP(C8,'Daftar Rekap Barang'!$B$7:$G$31,2,0),"") -> Monitor | E8: 12 | F8: MSI PRO225V 21.45"
C9: RPL-002 | D9: =IFERROR(VLOOKUP(C9,'Daftar Rekap Barang'!$B$7:$G$31,2,0),"") -> CPU | E9: 12 | F9: Brizzz M09 dan M18 1. RAM 8GB 2. SSD PM9C1a Samsung 256GB 3. Processor Intel ® Core™ i5-4460 CPU @ 3.20GHz 4. OS Windows 10 Pro
C10: RPL-003 | D10: =IFERROR(VLOOKUP(C10,'Daftar Rekap Barang'!$B$7:$G$31,2,0),"") -> MOUSE | E10: 12 | F10: Logitech M120
C11: RPL-004 | D11: =IFERROR(VLOOKUP(C11,'Daftar Rekap Barang'!$B$7:$G$31,2,0),"") -> KEYBOARD | E11: 12 | F11: Logitech M120
B12: 19/08/2025 | C12: RPL-011 | D12: =IFERROR(VLOOKUP(C12,'Daftar Rekap Barang'!$B$7:$G$31,2,0),"") -> KABEL VGA | E12: 3
C13: RPL-012 | D13: =IFERROR(VLOOKUP(C13,'Daftar Rekap Barang'!$B$7:$G$31,2,0),"") -> KABEL POWER PRINTER | E13: 2
B14: 45931 | C14: RPL-011 | D14: =IFERROR(VLOOKUP(C14,'Daftar Rekap Barang'!$B$7:$G$31,2,0),"") -> KABEL VGA | E14: 3
B15: 45933 | C15: RPL-005 | D15: =IFERROR(VLOOKUP(C15,'Daftar Rekap Barang'!$B$7:$G$31,2,0),"") -> CIMOS | E15: 2
C16: RPL-011 | D16: =IFERROR(VLOOKUP(C16,'Daftar Rekap Barang'!$B$7:$G$31,2,0),"") -> KABEL VGA | E16: 4
B17: 27/02/2026 | C17: RPL-017 | D17: =IFERROR(VLOOKUP(C17,'Daftar Rekap Barang'!$B$7:$G$31,2,0),"") -> KABEL LAN | E17: 1 | F17: 305meter
B18: 27/02/2026 | C18: RPL-018 | D18: =IFERROR(VLOOKUP(C18,'Daftar Rekap Barang'!$B$7:$G$31,2,0),"") -> STIKER KAWAT | E18: 2
B19: 27/2/2026 | C19: RPL-006 | D19: =IFERROR(VLOOKUP(C19,'Daftar Rekap Barang'!$B$7:$G$31,2,0),"") -> POWER SUPLAY | E19: 5
B20: 27/2/2026 | C20: RPL-010 | D20: =IFERROR(VLOOKUP(C20,'Daftar Rekap Barang'!$B$7:$G$31,2,0),"") -> RAM | E20: 5
B21: 27/2/2026 | C21: RPL-007 | D21: =IFERROR(VLOOKUP(C21,'Daftar Rekap Barang'!$B$7:$G$31,2,0),"") -> SSD | E21: 7
B22: 27/2/2026 | C22: RPL-010 | D22: =IFERROR(VLOOKUP(C22,'Daftar Rekap Barang'!$B$7:$G$31,2,0),"") -> RAM | E22: 12
B23: 27/2/2026 | C23: RPL-019 | D23: =IFERROR(VLOOKUP(C23,'Daftar Rekap Barang'!$B$7:$G$31,2,0),"") -> BATERAI AKALIN | E23: 10
B24: 27/2/2026 | C24: RPL-020 | D24: =IFERROR(VLOOKUP(C24,'Daftar Rekap Barang'!$B$7:$G$31,2,0),"") -> TINTA PRINTER | E24: 8
B25: 27/2/2026 | C25: RPL-021 | D25: =IFERROR(VLOOKUP(C25,'Daftar Rekap Barang'!$B$7:$G$31,2,0),"") -> THERMAL | E25: 2
B26: 27/2/2026 | C26: RPL-013 | D26: =IFERROR(VLOOKUP(C26,'Daftar Rekap Barang'!$B$7:$G$31,2,0),"") -> RJ45 | E26: 10
B27: 27/2/2026 | C27: RPL-022 | D27: =IFERROR(VLOOKUP(C27,'Daftar Rekap Barang'!$B$7:$G$31,2,0),"") -> TOOL JARINGAN | E27: 2
B28: 27/2/2026 | C28: RPL-023 | D28: =IFERROR(VLOOKUP(C28,'Daftar Rekap Barang'!$B$7:$G$31,2,0),"") -> TOOL KIT | E28: 1
D29: =IFERROR(VLOOKUP(C29,'Daftar Rekap Barang'!$B$7:$G$31,2,0),"")
D30: =IFERROR(VLOOKUP(C30,'Daftar Rekap Barang'!$B$7:$G$31,2,0),"")
D31: =IFERROR(VLOOKUP(C31,'Daftar Rekap Barang'!$B$7:$G$31,2,0),"")
D32: =IFERROR(VLOOKUP(C32,'Daftar Rekap Barang'!$B$7:$G$31,2,0),"")
D33: =IFERROR(VLOOKUP(C33,'Daftar Rekap Barang'!$B$7:$G$31,2,0),"")
D34: =IFERROR(VLOOKUP(C34,'Daftar Rekap Barang'!$B$7:$G$31,2,0),"")
D35: =IFERROR(VLOOKUP(C35,'Daftar Rekap Barang'!$B$7:$G$31,2,0),"")
D36: =IFERROR(VLOOKUP(C36,'Daftar Rekap Barang'!$B$7:$G$31,2,0),"")
D37: =IFERROR(VLOOKUP(C37,'Daftar Rekap Barang'!$B$7:$G$31,2,0),"")
D38: =IFERROR(VLOOKUP(C38,'Daftar Rekap Barang'!$B$7:$G$31,2,0),"")
D39: =IFERROR(VLOOKUP(C39,'Daftar Rekap Barang'!$B$7:$G$31,2,0),"")
D40: =IFERROR(VLOOKUP(C40,'Daftar Rekap Barang'!$B$7:$G$31,2,0),"")
... D44: =IFERROR(VLOOKUP(C44,'Daftar Rekap Barang'!$B$7:$G$31,2,0),"")

Sheet BARANG KELUAR
B2: LAPORAN STOK BARANG KELUAR LAB RPL
B3: SMK MUHAMMADIYAH MAJENANG
B5: Periode :
B7: Tanggal | C7: Kode Barang | D7: Nama Barang | E7: Jumlah Barang Keluar | F7: Keterangan
B8: 13 Agustus 2025 | C8: RPL-001 | D8: =IFERROR(VLOOKUP(C8,'Daftar Rekap Barang'!$B$7:$G$21,2,0),"") -> Monitor | E8: 12
C9: RPL-002 | D9: =IFERROR(VLOOKUP(C9,'Daftar Rekap Barang'!$B$7:$G$21,2,0),"") -> CPU | E9: 12 | F9: Rusak 1
C10: RPL-003 | D10: =IFERROR(VLOOKUP(C10,'Daftar Rekap Barang'!$B$7:$G$21,2,0),"") -> MOUSE | E10: 8
C11: RPL-004 | D11: =IFERROR(VLOOKUP(C11,'Daftar Rekap Barang'!$B$7:$G$21,2,0),"") -> KEYBOARD | E11: 7
B12: 19 Agustus 2025 | C12: RPL-011 | D12: =IFERROR(VLOOKUP(C12,'Daftar Rekap Barang'!$B$7:$G$21,2,0),"") -> KABEL VGA | E12: 1 | F12: TU
C13: RPL-012 | D13: =IFERROR(VLOOKUP(C13,'Daftar Rekap Barang'!$B$7:$G$21,2,0),"") -> KABEL POWER PRINTER | E13: 1 | F13: TU
B14: 20 Agustus 2025 | C14: RPL-003 | D14: =IFERROR(VLOOKUP(C14,'Daftar Rekap Barang'!$B$7:$G$21,2,0),"") -> MOUSE | E14: 1 | F14: TU
B15: 08 September 0205 | C15: RPL-011 | D15: =IFERROR(VLOOKUP(C15,'Daftar Rekap Barang'!$B$7:$G$21,2,0),"") -> KABEL VGA | E15: 1 | F15: TU
B16: 45922 | C16: RPL-013 | D16: =IFERROR(VLOOKUP(C16,'Daftar Rekap Barang'!$B$7:$G$21,2,0),"") -> RJ45 | E16: 1 | F16: Praktek
B17: 45566 | C17: RPL-011 | D17: =IFERROR(VLOOKUP(C17,'Daftar Rekap Barang'!$B$7:$G$21,2,0),"") -> KABEL VGA | E17: 1 | F17: TU
B18: 45940 | C18: RPL-005 | D18: =IFERROR(VLOOKUP(C18,'Daftar Rekap Barang'!$B$7:$G$21,2,0),"") -> CIMOS | E18: 2
C19: RPL-011 | D19: =IFERROR(VLOOKUP(C19,'Daftar Rekap Barang'!$B$7:$G$21,2,0),"") -> KABEL VGA | E19: 1 | F19: TU
B20: 45976 | C20: RPL-006 | D20: =IFERROR(VLOOKUP(C20,'Daftar Rekap Barang'!$B$7:$G$21,2,0),"") -> POWER SUPLAY | E20: 4 | F20: LAB
B21: 45993 | C21: RPL-014 | D21: =IFERROR(VLOOKUP(C21,'Daftar Rekap Barang'!$B$7:$G$21,2,0),"") -> HUB | E21: 3
B22: 26/04/2026 | C22: RPL-017 | D22: KABEL LAN | E22: 15M | F22: RUANG GURU BARU
B23: 26/04/2026 | C23: RPL-013 | D23: RJ45 | E23: 50PCS | F23: RUANG GURU BARU
B24: 26/04/2026 | C24: RPL-024 | D24: ROUTER | E24: 1 | F24: RUANG GURU BARU
B25: 26/04/2026 | C25: RPL-014 | D25: HUB | E25: 1 | F25: RUANG GURU BARU
B26: 46178 | C26: RPL-014 | D26: HUB | E26: 1 | F26: BENGKEL TKR
B27: 46178 | C27: RPL-017 | D27: KABEL LAN | E27: 5M | F27: BENGKEL TKR
B28: 46178 | C28: RPL-013 | D28: RJ45 | E28: 10PCS | F28: BENGKEL TKR
B29: 46121 | C29: RPL-006 | D29: PSU | E29: 1 | F29: LAB
B30: 46127 | C30: RPL-009 | D30: Flashdisk | E30: 1 | F30: Lab
B31: 46132 | C31: RPL-014 | D31: HUB | E31: 1 | F31: server lab
B32: 46138 | C32: RPL-017 | D32: KABEL LAN | E32: 200m | F32: booth spmb
B33: 46143 | C33: RPL-006 | D33: PSU | E33: 1 (520) | F33: di ganti 450 komputer admin 2
B34: 46154 | C34: RPL-007 | D34: SSD | E34: 1(256GB) | F34: tuker radio 128GB
B35: 46161 | C35: RPL-003 | D35: MOUSE | E35: 1 | F35: BK
B36: 30 Juli 2026 | D36: RAM | E36: 3 | F36: RAM 8 GB DDR4
B37: 11 Agustus 2026 | D37: RAM | E37: 3 | F37: DDR 3 RAM 8GB
B38: 11 Agustus 2026 | D38: SSD | E38: 4 | F38: SSD 256 GB
B39: 21 Agustus 2026 | D39: RAM | E39: 1 | F39: DDR 3 RAM 8GB
B40: 21 Agustus 2026 | C40: ROUTER | D40: ROUTER | E40: 1 | F40: BK WIFI
B41: 27 Agustus 2026 | C41: rj45 | D41: rj45 | E41: 6 Item | F41: Creamping
B42: 27 Agustus 2026 | D42: RAM | E42: 1 | F42: DDR 3 8GB
B43: 28 Agustus 2026 | C43: PC dan Monitor | D43: PC dan Monitor | E43: 1 | F43: 1 set pc dan monitor untuk rps tkr

Sheet LAB RPL 1
B2: LAPORAN LAB RPL 2
B3: SMK MUHAMMADIYAH MAJENANG
B7: NO | C7: NAMA KOMPUTER | D7: SISTEM OPERASI | E7: RAM | F7: MOTHERBOARD | G7: PROSESOR | H7: BIOS | I7: BIOS MODE | J7: STORAGE | K7: BULAN | L7: KONDISI
B8: 1 | C8: PC001 | D8: Microsoft Windows 10 Pro | E8: 8 GB | F8: H81 | G8: Intel(R) Core(TM) i5-4590S CPU @ 3.00GHz, 3001 Mhz, 4 Core(s), 4 Logical Processor(s) | H8: American Megatrends 4.6.5 (07/01/2025) | I8: UEFI | J8: 238 GB | K8: 46244 | L8: BAIK
B9: 2 | C9: PC002 | D9: Microsoft Windows 10 Pro | E9: 8 GB | F9: H81 | G9: Intel(R) Core(TM) i5-4460 CPU @ 3.20GHz, 3201 Mhz, 4 Core(s), 4 Logical Processor(s) | H9: American Megatrends Inc. 4.6.5, 07/01/2025 | I9: UEFI | J9: 238 GB | K9: 46244 | L9: BAIK
B10: 3 | C10: PC003 | D10: Microsoft Windows 10 Pro | E10: 4 GB | F10: H61 | G10: Intel(R) Core(TM) i3-2100 CPU @ 3.10GHz, 3100 Mhz, 2 Core(s), 4 Logical Processor(s) | H10: American Megatrends Inc. 4.6.5, 26/07/2021 | I10: UEFI | J10: 238 GB | K10: 46244 | L10: BAIK
B11: 4 | C11: PC004 | D11: Microsoft Windows 10 Pro | E11: 8 GB | F11: H81 | G11: Intel(R) Core(TM) i5-4460 CPU @ 3.20GHz, 3201 Mhz, 4 Core(s), 4 Logical Processor(s) | H11: American Megatrends Inc. 4.6.5, 07/01/2025 | I11: UEFI | J11: 238 GB | K11: 46244 | L11: BAIK
B12: 5 | C12: PC005 | D12: Microsoft Windows 10 Pro | E12: 8 GB | F12: H81 | G12: Intel(R) Core(TM) i5-4590S CPU @ 3.00GHz, 3001 Mhz, 4 Core(s), 4 Logical Processor(s) | H12: American Megatrends Inc. 4.6.5, 07/01/2025 | I12: UEFI | J12: 148 GB | K12: 46244 | L12: BAIK
B13: 6 | C13: PC006 | D13: Microsoft Windows 10 Pro | E13: 8 GB | F13: H81 | G13: Intel(R) Core(TM) i5-4460 CPU @ 3.20GHz, 3201 Mhz, 4 Core(s), 4 Logical Processor(s) | H13: American Megatrends Inc. 4.6.5, 07/01/2025 | I13: UEFI | J13: 148 GB | K13: 46244 | L13: BAIK
B14: 7 | C14: PC007 | D14: Microsoft Windows 10 Pro | E14: 8GB | F14: H81 | G14: Intel(R) Core(TM) i5-4460 CPU @ 3.20GHz, 3201 Mhz, 4 Core(s), 4 Logical Processor(s) | H14: American Megatrends Inc. 4.6.5, 07/01/2025 | I14: UEFI | J14: 237 GB | K14: 46244 | L14: BAIK
B15: 8 | C15: PC008 | D15: Microsoft Windows 10 Pro | E15: 4 GB | F15: H81 | G15: Intel(R) Core(TM) i5-4590S CPU @ 3.00GHz, 3001 Mhz, 4 Core(s), 4 Logical Processor(s) | H15: American Megatrends Inc. 4.6.5, 07/01/2025 | I15: UEFI | J15: 148 GB | K15: 46244 | L15: BAIK
B16: 9 | C16: PC009 | D16: Microsoft Windows 10 Pro | E16: 8GB | F16: H81 | G16: Intel(R) Core(TM) i5-4460 CPU @ 3.20GHz, 3201 Mhz, 4 Core(s), 4 Logical Processor(s) | H16: American Megatrends Inc. 4.6.5, 19/09/2022 | I16: UEFI | J16: 118 GB | K16: 46244 | L16: BAIK
B17: 10 | C17: PC010 | D17: Microsoft Windows 10 Pro | E17: 8GB | F17: H81 | G17: Intel(R) Core(TM) i5-4460 CPU @ 3.20GHz, 3201 Mhz, 4 Core(s), 4 Logical Processor(s) | H17: American Megatrends Inc. 4.6.5, 19/09/2022 | I17: UEFI | J17: 110GB | K17: 46244 | L17: BAIK
B18: 11 | C18: PC011 | D18: Microsoft Windows 10 Pro | E18: 8GB | F18: H81 | G18: Intel(R) Core(TM) i5-4590 CPU @ 3.30GHz, 3301 Mhz, 4 Core(s), 4 Logical Processor(s) | H18: American Megatrends Inc. 4.6.5, 19/09/2022 | I18: UEFI | J18: 238GB | K18: 46244 | L18: BAIK
B19: 12 | C19: PC012 | D19: Microsoft Windows 10 Pro | E19: 8 GB | F19: H81 | G19: Intel(R) Core(TM) i5-4460 CPU @ 3.20GHz, 3201 Mhz, 4 Core(s), 4 Logical Processor(s) | H19: American Megatrends Inc. 4.6.5, 19/09/2022 | I19: UEFI | J19: 237 GB | K19: 46244 | L19: BAIK
... B39: 32 | C39: PC032 | D39: Microsoft Windows 10 Pro | E39: 8 GB | F39: H61 | G39: Intel(R) Core(TM) i3-2100 CPU @ 3.10GHz, 3100 Mhz, 2 Core(s), 4 Logical Processor(s) | H39: American Megatrends Inc. 4.6.5, 26/07/2021 | I39: UEFI | J39: 118 GB | K39: 46244 | L39: BAIK

Sheet LAB RPL 2
B2: LAPORAN LAB RPL 1
B3: SMK MUHAMMADIYAH MAJENANG
B7: NO | C7: NAMA KOMPUTER | D7: SISTEM OPERASI | E7: RAM | F7: MOTHERBOARD | G7: PROSESOR | H7: BIOS | I7: BIOS MODE | J7: STORAGE | K7: BULAN | L7: KONDISI
B8: 1 | C8: LABRPL2_PC1 | D8: Microsoft Windows 10 Pro | E8: 4 GB | F8: H61 | G8: Intel(R) Core(TM) i3-2100 CPU @ 3.10GHz, 3100 Mhz, 2 Core(s), 4 Logical Processor(s) | H8: American Megatrends Inc. 4.6.5, (26/07/2021) | I8: UEFI | J8: 149GB | K8: 46247 | L8: BAIK
B9: 2 | C9: LABRPL2_PC2 | D9: Microsoft Windows 10 Pro | E9: 4 GB | F9: H61 | G9: Intel(R) Core(TM) i3-2100 CPU @ 3.10GHz, 3100 Mhz, 2 Core(s), 4 Logical Processor(s) | H9: American Megatrends Inc. 4.6.5, (26/07/2021) | I9: UEFI | J9: 119 GB | K9: 46247 | L9: BAIK
B10: 3 | C10: LABRPL2_PC3 | D10: Microsoft Windows 10 Pro | E10: 8 GB | F10: H61 | G10: Intel(R) Core(TM) i3-2100 CPU @ 3.10GHz, 3100 Mhz, 2 Core(s), 4 Logical Processor(s) | H10: American Megatrends Inc. 4.6.5, (26/07/2021) | I10: UEFI | J10: 119 GB | K10: 46247 | L10: BAIK
B11: 4 | C11: LABRPL2_PC4 | D11: Microsoft Windows 10 Pro | E11: 4 GB | F11: H61 | G11: Intel(R) Core(TM) i3-2100 CPU @ 3.10GHz, 3100 Mhz, 2 Core(s), 4 Logical Processor(s) | H11: American Megatrends Inc. 4.6.5, (26/07/2021) | I11: UEFI | J11: 119 GB | K11: 46247 | L11: BAIK
B12: 5 | C12: LABRPL2_PC5 | D12: Microsoft Windows 10 Pro | E12: 8 GB | F12: H61 | G12: Intel(R) Core(TM) i3-2100 CPU @ 3.10GHz, 3100 Mhz, 2 Core(s), 4 Logical Processor(s) | H12: American Megatrends Inc. 4.6.5, (26/07/2021) | I12: UEFI | J12: 238 GB | K12: 46247 | L12: BAIK
B13: 6 | C13: LABRPL2_PC6 | D13: Microsoft Windows 10 Pro | E13: 8 GB | F13: A320M-HDV R4.0 | G13: `AMD Athlon 200GE with Radeon Vega Graphics, 3200, 2 Core(s), 4 Logical Prosessor(s) | H13: American Megatrends Inc. 4.6.5, (26/07/2021) | I13: UEFI | J13: 228 GB | K13: 46247 | L13: BAIK
B14: 7 | C14: LABRPL2_PC7 | D14: Microsoft Windows 10 Pro | E14: 4 GB | F14: H61 | G14: Intel(R) Core(TM) i3-2100 CPU @ 3.10GHz, 3100 Mhz, 2 Core(s), 4 Logical Processor(s) | H14: American Megatrends Inc. 4.6.5, (26/07/2021) | I14: UEFI | J14: 238 GB | K14: 46247 | L14: BAIK
B15: 8 | C15: LABRPL2_PC8 | D15: Microsoft Windows 10 Pro | E15: 4 GB | F15: H61 | G15: Intel(R) Core(TM) i3-2100 CPU @ 3.10GHz, 3100 Mhz, 2 Core(s), 4 Logical Processor(s) | H15: American Megatrends Inc. 4.6.5, (26/07/2021) | I15: UEFI | J15: 119 GB | K15: 46247 | L15: BAIK
B16: 9 | C16: LABRPL2_PC9 | D16: Microsoft Windows 10 Pro | E16: 4 GB | F16: H61 | G16: Intel(R) Core(TM) i3-2100 CPU @ 3.10GHz, 3100 Mhz, 2 Core(s), 4 Logical Processor(s) | H16: American Megatrends Inc. 4.6.5, (26/07/2021) | I16: UEFI | J16: 119 GB | K16: 46247 | L16: BAIK
B17: 10 | C17: LABRPL2_PC10 | D17: Microsoft Windows 10 Pro | E17: 4 GB | F17: H61 | G17: Intel(R) Core(TM) i3-2100 CPU @ 3.10GHz, 3100 Mhz, 2 Core(s), 4 Logical Processor(s) | H17: American Megatrends Inc. 4.6.5, (26/07/2021) | I17: UEFI | J17: 238 GB | K17: 46247 | L17: BAIK
B18: 11 | C18: LABRPL2_PC11 | D18: Microsoft Windows 10 Pro | E18: 8 GB | F18: H61 | G18: Intel(R) Core(TM) i3-2100 CPU @ 3.10GHz, 3100 Mhz, 2 Core(s), 4 Logical Processor(s) | H18: American Megatrends Inc. versi 4.6.5 (19/09/2022) | I18: UEFI | J18: 119 GB | K18: 46247 | L18: BAIK
B19: 12 | C19: LABRPL2_PC12 | D19: Microsoft Windows 10 Pro | E19: 4 GB | F19: H61 | G19: Intel(R) Core(TM) i3-2100 CPU @ 3.10GHz, 3100 Mhz, 2 Core(s), 4 Logical Processor(s) | H19: American Megatrends Inc. 4.6.5, 26/07/2021 | I19: UEFI | J19: 119 GB | K19: 46247 | L19: BAIK
... B39: 32 | C39: LABRPL2_PC32 | D39: Microsoft Windows 10 Pro | E39: 8 GB | F39: ASROCK | G39: AMD Athlon 200GE with Radeon Vega Graphics, 3200 Mhz, 2 Core(s), 4 Logical Processor(s) | H39: American Megatrends Inc. P3.30, 31/07/2019 | I39: UEFI | J39: 224 GB | K39: 46247 | L39: BAIK

Sheet LAB RPL 3

Sheet LAB RPL 4
B2: LAPORAN LAB RPL 4
B3: SMK MUHAMMADIYAH MAJENANG
B7: NO | C7: NAMA KOMPUTER | D7: SISTEM OPERASI | E7: RAM | F7: MOTHERBOARD | G7: PROSESOR | H7: BIOS | I7: BIOS MODE | J7: STORAGE | K7: BULAN | L7: KONDISI
B8: 1 | C8: LABKOM4-PC1 | D8: Microsoft Windows 11 Pro | E8: 8 GB | F8: H81 | G8: Intel Core i5-4590 CPU @ 3.30GHz | H8: American Megatrends Inc. 4.6.5 | I8: UEFI | J8: 256GB | K8: 46234 | L8: BAIK
B9: 2 | C9: LABKOM4-PC2 | D9: Microsoft Windows 11 Pro | E9: 4 GB | F9: H61 | G9: Intel(R) Core(TM) i3-2120 CPU @ 3.30GHz, 3300 Mhz, 2 Core(s), 4 Logical Processor(s) | H9: American Megatrends Inc. 4.6.5 | I9: UEFI | J9: 119 GB | K9: 46234 | L9: BAIK
B10: 3 | C10: LABKOM4-PC3 | D10: Microsoft Windows 11 Pro | E10: 8 GB | F10: H81 | G10: Intel Core i5-4590 CPU @ 3.30GHz | H10: American Megatrends Inc. 4.6.5 | I10: UEFI | J10: 238 GB | K10: 46234 | L10: BAIK
B11: 4 | C11: LABKOM4-PC4 | D11: Microsoft Windows 11 Pro | E11: 4 GB | F11: H61 | G11: Intel(R) Core(TM) i3-2120 CPU @ 3.30GHz, 3300 Mhz, 2 Core(s), 4 Logical Processor(s) | H11: American Megatrends Inc. 4.6.5 | I11: UEFI | J11: 119 GB | K11: 46234 | L11: BAIK
B12: 5 | C12: LABKOM4-PC5 | D12: Microsoft Windows 11 Pro | E12: 4 GB | F12: H61 | G12: Intel(R) Core(TM) i3-2120 CPU @ 3.30GHz, 3300 Mhz, 2 Core(s), 4 Logical Processor(s) | H12: American Megatrends Inc. 4.6.5 | I12: UEFI | J12: 128 GB | K12: 46234 | L12: BAIK
B13: 6 | C13: LABKOM4-PC6 | D13: Microsoft Windows 11 Pro | E13: 4 GB | F13: H61 | G13: Intel(R) Core(TM) i3-2120 CPU @ 3.30GHz, 3300 Mhz, 2 Core(s), 4 Logical Processor(s) | H13: American Megatrends Inc. 4.6.5 | I13: UEFI | J13: 128 GB | K13: 46234 | L13: BAIK
B14: 7 | C14: LABKOM4-PC7 | D14: Microsoft Windows 11 Pro | E14: 4 GB | F14: H61 | G14: Intel(R) Core(TM) i3-2120 CPU @ 3.30GHz, 3300 Mhz, 2 Core(s), 4 Logical Processor(s) | H14: American Megatrends Inc. 4.6.5 | I14: UEFI | J14: 128 GB | K14: 46234 | L14: BAIK
B15: 8 | C15: LABKOM4-PC8 | D15: Microsoft Windows 11 Pro | E15: 4 GB | F15: H61 | G15: Intel(R) Core(TM) i3-2120 CPU @ 3.30GHz, 3300 Mhz, 2 Core(s), 4 Logical Processor(s) | H15: American Megatrends Inc. 4.6.5 | I15: UEFI | J15: 128 GB | K15: 46234 | L15: BAIK
B16: 9 | C16: LABKOM4-PC9 | D16: Microsoft Windows 11 Pro | E16: 4 GB | F16: H61 | G16: Intel(R) Core(TM) i3-2120 CPU @ 3.30GHz, 3300 Mhz, 2 Core(s), 4 Logical Processor(s) | H16: American Megatrends Inc. 4.6.5 | I16: UEFI | J16: 119 GB | K16: 46234 | L16: BAIK
B17: 10 | C17: LABKOM4-PC10 | D17: Microsoft Windows 11 Pro | E17: 4 GB | F17: H61 | G17: Intel(R) Core(TM) i3-2120 CPU @ 3.30GHz, 3300 Mhz, 2 Core(s), 4 Logical Processor(s) | H17: American Megatrends Inc. 4.6.5 | I17: UEFI | J17: 119 GB | K17: 46234 | L17: BAIK
B18: 11 | C18: LABKOM4-PC11 | D18: Microsoft Windows 11 Pro | E18: 4 GB | F18: H61 | G18: Intel(R) Core(TM) i3-2120 CPU @ 3.30GHz, 3300 Mhz, 2 Core(s), 4 Logical Processor(s) | H18: American Megatrends | I18: UEFI | J18: 119 GB | K18: 46234 | L18: BAIK
B19: 12 | C19: LABKOM4-PC12 | D19: Microsoft Windows 11 Pro | E19: 4 GB | F19: H61 | G19: Intel(R) Core(TM) i3-2120 CPU @ 3.30GHz, 3300 Mhz, 2 Core(s), 4 Logical Processor(s) | H19: American Megatrends | I19: UEFI | J19: 119 GB | K19: 46234 | L19: BAIK
... B36: 29 | C36: lABKOM4-PC30 | D36: Microsoft Windows 11 Pro | E36: 8 GB | F36: H61 | G36: Intel(R) CORE(TM) i5-2500 CPU @ 3.30GHz, 3301 Mhz, 4 Core(s) Logical Processor(s) | H36: American Megatrends | I36: UEFI | J36: 466 GB | K36: 46234 | L36: Baik (No Mouse)
B37: 30 | C37: DESKTOP-EUAM | D37: Microsoft Windows 10 Pro | E37: 2 GB | G37: Intel(R) Core(TM) 2 DUO CPU E7500 @ 2.93 GHz 2936MHz, 2 Core | H37: American Megatrends | I37: Legacy | J37: 298 GB | K37: 46234 | L37: Baik (Mouse,Keyboard : Rusak)
B38: 31
B39: 32
